<images>
	<photo image = "images/21.jpg" colorboxImage="images/21.jpg" url = "http://www.flashxml.net" target="_blank" colorboxInfo="Item 01" colorboxClass="image"><![CDATA[<head>Hello</head>]]></photo>
	<photo image = "images/22.jpg" colorboxImage="images/22.jpg" url = "http://www.flashxml.net" target="_blank" colorboxInfo="Item 02" colorboxClass="image" media="videos/disco1.flv" mediaImage="videos/disco1.jpg" skin="assets/skins/videoSkin1.xml" width="250" height="200" autoplay="true"><![CDATA[<head>Download the new CoverFlow</head>]]></photo>
	<photo image = "images/23.jpg" colorboxImage="images/23.jpg" url = "http://www.flashxml.net" target="_blank" colorboxInfo="Item 03" colorboxClass="image"><![CDATA[<head>It's Free</head>]]></photo>
	<photo image = "images/24.jpg" colorboxImage="http://www.youtube.com/embed/N6AfN5EiUIg?wmode=transparent" url = "http://www.flashxml.net" colorboxClass="video" target="_blank" colorboxInfo="Item 04"><![CDATA[<head>Lots of options to customize</head>]]></photo>
	<photo image = "images/25.jpg" colorboxImage="images/25.jpg" url = "http://www.flashxml.net" target="_blank" colorboxInfo="Item 05" colorboxClass="image"><![CDATA[<head>Test them below</head>]]></photo>
	<photo image = "images/26.jpg" colorboxImage="images/26.jpg" url = "http://www.flashxml.net" target="_blank" colorboxInfo="Item 06" colorboxClass="image"><![CDATA[<head>You can customize it completely without Flash</head>]]></photo>
	<photo image = "images/27.jpg" colorboxImage="images/27.jpg" url = "http://www.flashxml.net" target="_blank" colorboxInfo="Item 07" colorboxClass="image" media="videos/disco2.flv" mediaImage="videos/disco2.jpg" skin="assets/skins/videoSkin1.xml" width="250" height="200" autoplay="false"><![CDATA[<head>only through XML</head>]]></photo>
	<photo image = "images/28.jpg" colorboxImage="images/28.jpg" url = "http://www.flashxml.net" target="_blank" colorboxInfo="Item 08" colorboxClass="image"><![CDATA[<head>Complete instructions provided</head>]]></photo>
	<photo image = "images/29.jpg" colorboxImage="images/29.jpg" url = "http://www.flashxml.net" target="_blank" colorboxInfo="Item 09" colorboxClass="image"><![CDATA[<head>Very easy to integrate in any website</head>]]></photo>
	<photo image = "images/30.jpg" colorboxImage="images/30.jpg" url = "http://www.flashxml.net" target="_blank" colorboxInfo="Item 10" colorboxClass="image"><![CDATA[<head>Even without having Flash installed!</head>]]></photo>
</images>